"nll","delAIC","modname","parname","value","low","high"
3226.05884642953,8.66524840702732,"AT","rAV",1.37791993341921,1.13,1.67
3225.39955816839,11.3466718847449,"ATG","rAV",1.3854094765756,1.135,1.68
3222.80851033499,6.16457621794689,"ATN","rAV",1.38568975660541,1.135,1.68
3222.92381575422,6.39518705641967,"ATS","rAV",1.38385315047071,1.135,1.68
3226.00654695918,10.5606494663298,"ATU","rAV",1.37972526560758,1.13,1.675
3225.34019665154,13.2279488510421,"ATUG","rAV",1.38749775140317,1.135,1.685
3222.7782049096,8.10396536716235,"ATUN","rAV",1.38721220739228,1.135,1.68
3222.8929491361,8.33345382016705,"ATUS","rAV",1.38505515881474,1.135,1.68
3220.20646646024,2.96048846845497,"ATUV","rAV",1.40301646771435,1.15,1.7
3219.84879650222,6.24514855240159,"ATUVG","rAV",1.4071952559091,1.155,1.705
3217.72477824585,1.99711203967854,"ATUVN","rAV",1.40767096972187,1.155,1.705
3217.84883284251,2.24522123298266,"ATUVS","rAV",1.4055488786555,1.15,1.705
3220.21471668702,0.976988922012424,"ATV","rAV",1.40232330316686,1.15,1.7
3219.85771241926,4.26298038649384,"ATVG","rAV",1.4065500204492,1.15,1.705
3217.72622222602,0,"ATVN","rAV",1.40758787656703,1.155,1.705
3217.8502927543,0.248141056563327,"ATVS","rAV",1.40521409125859,1.15,1.705
3226.00654695918,10.5606494663298,"ATU","rDX",0.975727579090481,0.84,1.14
3225.34019665154,13.2279488510421,"ATUG","rDX",0.974087916305917,0.84,1.14
3222.7782049096,8.10396536716235,"ATUN","rDX",0.981406882299131,0.845,1.15
3222.8929491361,8.33345382016705,"ATUS","rDX",0.981243539204651,0.845,1.15
3220.20646646024,2.96048846845497,"ATUV","rDX",0.990201519530785,0.85,1.16
3219.84879650222,6.24514855240159,"ATUVG","rDX",0.989841388730867,0.85,1.16
3217.72477824585,1.99711203967854,"ATUVN","rDX",0.995969571086789,0.855,1.165
3217.84883284251,2.24522123298266,"ATUVS","rDX",0.995802568687883,0.855,1.165
3230.79471042321,18.1369763943858,"AU","rDX",0.983607612750973,0.845,1.15
3230.28639205487,21.120339657703,"AUG","rDX",0.982640450165764,0.845,1.15
3227.7278074162,16.0031703803797,"AUN","rDX",0.989227051192481,0.85,1.155
3227.8070487018,16.1616529515668,"AUS","rDX",0.989087207197621,0.85,1.155
3225.49782909501,11.5432137379812,"AUV","rDX",0.997874433490091,0.86,1.165
3225.22217369134,14.9919029306475,"AUVG","rDX",0.998165338629117,0.86,1.17
3223.11915050076,10.7858565494807,"AUVN","rDX",1.00362537805959,0.865,1.175
3223.19951890469,10.946593357351,"AUVS","rDX",1.00343848088141,0.865,1.175
3220.20646646024,2.96048846845497,"ATUV","rVX.H1",0.618439323366204,0.44,0.85
3219.84879650222,6.24514855240159,"ATUVG","rVX.H1",0.631026683405424,0.45,0.87
3217.72477824585,1.99711203967854,"ATUVN","rVX.H1",0.648401730203511,0.465,0.89
3217.84883284251,2.24522123298266,"ATUVS","rVX.H1",0.649144895915007,0.465,0.89
3220.21471668702,0.976988922012424,"ATV","rVX.H1",0.618145997608539,0.44,0.85
3219.85771241926,4.26298038649384,"ATVG","rVX.H1",0.630577338263963,0.45,0.865
3217.72622222602,0,"ATVN","rVX.H1",0.64810090661677,0.465,0.89
3217.8502927543,0.248141056563327,"ATVS","rVX.H1",0.649049639151033,0.46,0.89
3225.49782909501,11.5432137379812,"AUV","rVX.H1",0.633460641748192,0.455,0.865
3225.22217369134,14.9919029306475,"AUVG","rVX.H1",0.643659125857785,0.46,0.885
3223.11915050076,10.7858565494807,"AUVN","rVX.H1",0.663609413404991,0.475,0.91
3223.19951890469,10.946593357351,"AUVS","rVX.H1",0.663922213798407,0.475,0.91
3225.49817944616,9.54391444028261,"AV","rVX.H1",0.633288880991803,0.455,0.865
3225.22247514289,12.9925058337594,"AVG","rVX.H1",0.643467844421524,0.46,0.885
3223.12021853079,8.78799260954838,"AVN","rVX.H1",0.663566284102751,0.475,0.91
3223.20058591738,8.9487273827217,"AVS","rVX.H1",0.663962362518435,0.475,0.91
3220.20646646024,2.96048846845497,"ATUV","rVX.H3",0.856285559071696,0.68,1.075
3219.84879650222,6.24514855240159,"ATUVG","rVX.H3",0.845275391375866,0.665,1.065
3217.72477824585,1.99711203967854,"ATUVN","rVX.H3",0.84119927477946,0.665,1.06
3217.84883284251,2.24522123298266,"ATUVS","rVX.H3",0.839605428740497,0.665,1.06
3220.21471668702,0.976988922012424,"ATV","rVX.H3",0.855239814887793,0.675,1.075
3219.85771241926,4.26298038649384,"ATVG","rVX.H3",0.844252876544428,0.665,1.065
3217.72622222602,0,"ATVN","rVX.H3",0.840804679109373,0.665,1.06
3217.8502927543,0.248141056563327,"ATVS","rVX.H3",0.83910552251756,0.665,1.055
3225.49782909501,11.5432137379812,"AUV","rVX.H3",0.85824598617073,0.68,1.08
3225.22217369134,14.9919029306475,"AUVG","rVX.H3",0.848971609394014,0.67,1.07
3223.11915050076,10.7858565494807,"AUVN","rVX.H3",0.843335610686156,0.665,1.06
3223.19951890469,10.946593357351,"AUVS","rVX.H3",0.842457710243378,0.665,1.06
3225.49817944616,9.54391444028261,"AV","rVX.H3",0.858019805367948,0.68,1.08
3225.22247514289,12.9925058337594,"AVG","rVX.H3",0.8488610835072,0.67,1.07
3223.12021853079,8.78799260954838,"AVN","rVX.H3",0.84354778922899,0.665,1.06
3223.20058591738,8.9487273827217,"AVS","rVX.H3",0.842700098747646,0.665,1.06
3230.31294508437,19.1734457167076,"AG","rPro.H1",0.975558282963347,0.775,1.27
3227.73803699954,14.0236295470422,"AN","rPro.H1",0.783978884204746,0.575,1.11
3227.8174745713,14.1825046905788,"AS","rPro.H1",0.745692425462642,0.57,0.975
3225.39955816839,11.3466718847449,"ATG","rPro.H1",0.95560597644538,0.76,1.245
3222.80851033499,6.16457621794689,"ATN","rPro.H1",0.791574724876443,0.575,1.12
3222.92381575422,6.39518705641967,"ATS","rPro.H1",0.744647163460003,0.57,0.975
3225.34019665154,13.2279488510421,"ATUG","rPro.H1",0.953166637511013,0.76,1.245
3222.7782049096,8.10396536716235,"ATUN","rPro.H1",0.792531143923941,0.575,1.12
3222.8929491361,8.33345382016705,"ATUS","rPro.H1",0.745448299409855,0.57,0.975
3219.84879650222,6.24514855240159,"ATUVG","rPro.H1",0.978087823260422,0.78,1.275
3217.72477824585,1.99711203967854,"ATUVN","rPro.H1",0.817314760101649,0.595,1.15
3217.84883284251,2.24522123298266,"ATUVS","rPro.H1",0.769019050334655,0.59,1.005
3219.85771241926,4.26298038649384,"ATVG","rPro.H1",0.979227577774848,0.78,1.28
3217.72622222602,0,"ATVN","rPro.H1",0.817443694838444,0.595,1.15
3217.8502927543,0.248141056563327,"ATVS","rPro.H1",0.769030087611937,0.59,1.005
3230.28639205487,21.120339657703,"AUG","rPro.H1",0.974429613417445,0.775,1.27
3227.7278074162,16.0031703803797,"AUN","rPro.H1",0.784527713350197,0.575,1.11
3227.8070487018,16.1616529515668,"AUS","rPro.H1",0.746441206973359,0.57,0.975
3225.22217369134,14.9919029306475,"AUVG","rPro.H1",0.999531512667176,0.795,1.3
3223.11915050076,10.7858565494807,"AUVN","rPro.H1",0.808227031372141,0.595,1.14
3223.19951890469,10.946593357351,"AUVS","rPro.H1",0.768831381322412,0.59,1.005
3225.22247514289,12.9925058337594,"AVG","rPro.H1",1,0.795,1.3
3223.12021853079,8.78799260954838,"AVN","rPro.H1",0.807386464634394,0.595,1.14
3223.20058591738,8.9487273827217,"AVS","rPro.H1",0.768700978544479,0.59,1.005
3230.31294508437,19.1734457167076,"AG","rPro.H3",0.933370484778691,0.775,1.195
3227.73803699954,14.0236295470422,"AN","rPro.H3",0.934140561568872,0.705,1.285
3227.8174745713,14.1825046905788,"AS","rPro.H3",0.980900464417984,0.82,1.185
3225.39955816839,11.3466718847449,"ATG","rPro.H3",0.937209197446551,0.77,1.2
3222.80851033499,6.16457621794689,"ATN","rPro.H3",0.917535060505476,0.695,1.255
3222.92381575422,6.39518705641967,"ATS","rPro.H3",0.971694656358645,0.81,1.17
3225.34019665154,13.2279488510421,"ATUG","rPro.H3",0.93866900823764,0.77,1.205
3222.7782049096,8.10396536716235,"ATUN","rPro.H3",0.917236896799323,0.695,1.255
3222.8929491361,8.33345382016705,"ATUS","rPro.H3",0.971544304146275,0.81,1.17
3219.84879650222,6.24514855240159,"ATUVG","rPro.H3",0.94309257203757,0.785,1.21
3217.72477824585,1.99711203967854,"ATUVN","rPro.H3",0.922798876730051,0.7,1.265
3217.84883284251,2.24522123298266,"ATUVS","rPro.H3",0.982763153972837,0.82,1.19
3219.85771241926,4.26298038649384,"ATVG","rPro.H3",0.942284193358744,0.785,1.21
3217.72622222602,0,"ATVN","rPro.H3",0.922518071228838,0.7,1.265
3217.8502927543,0.248141056563327,"ATVS","rPro.H3",0.982495577112539,0.82,1.19
3230.28639205487,21.120339657703,"AUG","rPro.H3",0.933948393486228,0.775,1.195
3227.7278074162,16.0031703803797,"AUN","rPro.H3",0.933955029283519,0.705,1.28
3227.8070487018,16.1616529515668,"AUS","rPro.H3",0.980574252087916,0.82,1.185
3225.22217369134,14.9919029306475,"AUVG","rPro.H3",0.937213182995925,0.79,1.2
3223.11915050076,10.7858565494807,"AUVN","rPro.H3",0.938617627669101,0.71,1.29
3223.19951890469,10.946593357351,"AUVS","rPro.H3",0.990602161248446,0.825,1.2
3225.22247514289,12.9925058337594,"AVG","rPro.H3",0.936830533571857,0.79,1.2
3223.12021853079,8.78799260954838,"AVN","rPro.H3",0.939622018108352,0.71,1.29
3223.20058591738,8.9487273827217,"AVS","rPro.H3",0.990747423507649,0.825,1.2
3230.81848321595,16.1845219798797,"A","r18.24",0.983684153127073,0.87,1.12
3230.31294508437,19.1734457167076,"AG","r18.24",0.986127572940336,0.87,1.125
3227.73803699954,14.0236295470422,"AN","r18.24",0.976544266822211,0.86,1.115
3227.8174745713,14.1825046905788,"AS","r18.24",0.972257971339743,0.86,1.11
3226.05884642953,8.66524840702732,"AT","r18.24",0.980726816869952,0.865,1.12
3225.39955816839,11.3466718847449,"ATG","r18.24",0.982072871317117,0.865,1.12
3222.80851033499,6.16457621794689,"ATN","r18.24",0.974817233113392,0.86,1.115
3222.92381575422,6.39518705641967,"ATS","r18.24",0.96960127429954,0.855,1.105
3226.00654695918,10.5606494663298,"ATU","r18.24",0.977480837112497,0.86,1.115
3225.34019665154,13.2279488510421,"ATUG","r18.24",0.978270429007484,0.86,1.12
3222.7782049096,8.10396536716235,"ATUN","r18.24",0.972335931937263,0.855,1.115
3222.8929491361,8.33345382016705,"ATUS","r18.24",0.967196784297777,0.85,1.105
3220.20646646024,2.96048846845497,"ATUV","r18.24",0.960048972036385,0.845,1.095
3219.84879650222,6.24514855240159,"ATUVG","r18.24",0.961665214624358,0.845,1.1
3217.72477824585,1.99711203967854,"ATUVN","r18.24",0.956053371351659,0.84,1.095
3217.84883284251,2.24522123298266,"ATUVS","r18.24",0.95065378412406,0.835,1.09
3220.21471668702,0.976988922012424,"ATV","r18.24",0.961238466092919,0.85,1.095
3219.85771241926,4.26298038649384,"ATVG","r18.24",0.963093519515654,0.85,1.1
3217.72622222602,0,"ATVN","r18.24",0.956650169933337,0.84,1.095
3217.8502927543,0.248141056563327,"ATVS","r18.24",0.951106641586531,0.84,1.085
3230.79471042321,18.1369763943858,"AU","r18.24",0.981464702381639,0.865,1.12
3230.28639205487,21.120339657703,"AUG","r18.24",0.983641494113573,0.865,1.125
3227.7278074162,16.0031703803797,"AUN","r18.24",0.975098814872295,0.86,1.115
3227.8070487018,16.1616529515668,"AUS","r18.24",0.971036389722236,0.855,1.11
3225.49782909501,11.5432137379812,"AUV","r18.24",0.964499882670219,0.85,1.105
3225.22217369134,14.9919029306475,"AUVG","r18.24",0.967520822186529,0.85,1.105
3223.11915050076,10.7858565494807,"AUVN","r18.24",0.959371146473779,0.845,1.1
3223.19951890469,10.946593357351,"AUVS","r18.24",0.954872534712344,0.84,1.095
3225.49817944616,9.54391444028261,"AV","r18.24",0.964767756854561,0.85,1.1
3225.22247514289,12.9925058337594,"AVG","r18.24",0.967790740618958,0.855,1.105
3223.12021853079,8.78799260954838,"AVN","r18.24",0.95882236035871,0.845,1.1
3223.20058591738,8.9487273827217,"AVS","r18.24",0.95440276828451,0.84,1.09
3230.81848321595,16.1845219798797,"A","r25.31",1.01998577913547,0.915,1.145
3230.31294508437,19.1734457167076,"AG","r25.31",1.01784839658559,0.915,1.145
3227.73803699954,14.0236295470422,"AN","r25.31",1.02011161861947,0.915,1.145
3227.8174745713,14.1825046905788,"AS","r25.31",1.02218293839721,0.92,1.145
3226.05884642953,8.66524840702732,"AT","r25.31",1.02205785942084,0.92,1.145
3225.39955816839,11.3466718847449,"ATG","r25.31",1.02029799504224,0.915,1.145
3222.80851033499,6.16457621794689,"ATN","r25.31",1.02146991968673,0.92,1.145
3222.92381575422,6.39518705641967,"ATS","r25.31",1.02382766216306,0.92,1.15
3226.00654695918,10.5606494663298,"ATU","r25.31",1.02020354388496,0.915,1.145
3225.34019665154,13.2279488510421,"ATUG","r25.31",1.01833471344199,0.915,1.145
3222.7782049096,8.10396536716235,"ATUN","r25.31",1.0200257762371,0.915,1.145
3222.8929491361,8.33345382016705,"ATUS","r25.31",1.02245188648186,0.92,1.15
3220.20646646024,2.96048846845497,"ATUV","r25.31",1.0107389740526,0.91,1.135
3219.84879650222,6.24514855240159,"ATUVG","r25.31",1.00881067288043,0.905,1.135
3217.72477824585,1.99711203967854,"ATUVN","r25.31",1.0105442334783,0.905,1.135
3217.84883284251,2.24522123298266,"ATUVS","r25.31",1.01309954036343,0.91,1.14
3220.21471668702,0.976988922012424,"ATV","r25.31",1.0114045187557,0.91,1.135
3219.85771241926,4.26298038649384,"ATVG","r25.31",1.00951879553921,0.905,1.135
3217.72622222602,0,"ATVN","r25.31",1.01083601307856,0.91,1.135
3217.8502927543,0.248141056563327,"ATVS","r25.31",1.01331046989271,0.91,1.14
3230.79471042321,18.1369763943858,"AU","r25.31",1.01870551249823,0.915,1.145
3230.28639205487,21.120339657703,"AUG","r25.31",1.01656539484226,0.915,1.14
3227.7278074162,16.0031703803797,"AUN","r25.31",1.01927130008518,0.915,1.145
3227.8070487018,16.1616529515668,"AUS","r25.31",1.02127478067313,0.915,1.145
3225.49782909501,11.5432137379812,"AUV","r25.31",1.00937409090951,0.905,1.135
3225.22217369134,14.9919029306475,"AUVG","r25.31",1.00705880485849,0.905,1.13
3223.11915050076,10.7858565494807,"AUVN","r25.31",1.00982529014117,0.905,1.135
3223.19951890469,10.946593357351,"AUVS","r25.31",1.01202164149565,0.91,1.135
3225.49817944616,9.54391444028261,"AV","r25.31",1.00948363232346,0.905,1.135
3225.22247514289,12.9925058337594,"AVG","r25.31",1.00715937506662,0.905,1.13
3223.12021853079,8.78799260954838,"AVN","r25.31",1.00963397079827,0.905,1.135
3223.20058591738,8.9487273827217,"AVS","r25.31",1.01176739071612,0.91,1.135
3230.81848321595,16.1845219798797,"A","r39.45",0.983079357412874,0.88,1.11
3230.31294508437,19.1734457167076,"AG","r39.45",0.990136633748799,0.875,1.125
3227.73803699954,14.0236295470422,"AN","r39.45",0.966058514337643,0.85,1.12
3227.8174745713,14.1825046905788,"AS","r39.45",0.953164243343559,0.85,1.085
3226.05884642953,8.66524840702732,"AT","r39.45",0.974102702892727,0.87,1.1
3225.39955816839,11.3466718847449,"ATG","r39.45",0.977963281373909,0.865,1.115
3222.80851033499,6.16457621794689,"ATN","r39.45",0.960752125314814,0.845,1.115
3222.92381575422,6.39518705641967,"ATS","r39.45",0.945169177058018,0.84,1.075
3226.00654695918,10.5606494663298,"ATU","r39.45",0.975727553635713,0.875,1.1
3225.34019665154,13.2279488510421,"ATUG","r39.45",0.979200079889764,0.865,1.115
3222.7782049096,8.10396536716235,"ATUN","r39.45",0.9621137889925,0.845,1.115
3222.8929491361,8.33345382016705,"ATUS","r39.45",0.946662429762489,0.84,1.075
3220.20646646024,2.96048846845497,"ATUV","r39.45",0.980841682399288,0.875,1.105
3219.84879650222,6.24514855240159,"ATUVG","r39.45",0.986404556166652,0.87,1.12
3217.72477824585,1.99711203967854,"ATUVN","r39.45",0.969117765809602,0.85,1.125
3217.84883284251,2.24522123298266,"ATUVS","r39.45",0.952871826415149,0.845,1.085
3220.21471668702,0.976988922012424,"ATV","r39.45",0.980069453740025,0.875,1.105
3219.85771241926,4.26298038649384,"ATVG","r39.45",0.986046705874208,0.87,1.12
3217.72622222602,0,"ATVN","r39.45",0.968981318399476,0.85,1.12
3217.8502927543,0.248141056563327,"ATVS","r39.45",0.952562127611663,0.845,1.085
3230.79471042321,18.1369763943858,"AU","r39.45",0.984222029294625,0.88,1.11
3230.28639205487,21.120339657703,"AUG","r39.45",0.991138712651669,0.875,1.125
3227.7278074162,16.0031703803797,"AUN","r39.45",0.966800226517136,0.85,1.12
3227.8070487018,16.1616529515668,"AUS","r39.45",0.953946820050586,0.85,1.085
3225.49782909501,11.5432137379812,"AUV","r39.45",0.989855041958611,0.885,1.115
3225.22217369134,14.9919029306475,"AUVG","r39.45",0.998979808750725,0.88,1.13
3223.11915050076,10.7858565494807,"AUVN","r39.45",0.974427195083406,0.855,1.13
3223.19951890469,10.946593357351,"AUVS","r39.45",0.960764299317342,0.855,1.095
3225.49817944616,9.54391444028261,"AV","r39.45",0.989612957641774,0.885,1.115
3225.22247514289,12.9925058337594,"AVG","r39.45",0.998918119788602,0.885,1.13
3223.12021853079,8.78799260954838,"AVN","r39.45",0.974338580841704,0.86,1.13
3223.20058591738,8.9487273827217,"AVS","r39.45",0.960917089712315,0.855,1.095
3230.81848321595,16.1845219798797,"A","r46.52",0.931015375142676,0.83,1.055
3230.31294508437,19.1734457167076,"AG","r46.52",0.921149637019379,0.81,1.065
3227.73803699954,14.0236295470422,"AN","r46.52",0.912491988164556,0.795,1.07
3227.8174745713,14.1825046905788,"AS","r46.52",0.892727410031573,0.79,1.02
3226.05884642953,8.66524840702732,"AT","r46.52",0.930204617904378,0.825,1.055
3225.39955816839,11.3466718847449,"ATG","r46.52",0.923510126557455,0.81,1.065
3222.80851033499,6.16457621794689,"ATN","r46.52",0.915872610027871,0.795,1.075
3222.92381575422,6.39518705641967,"ATS","r46.52",0.89021369258135,0.785,1.015
3226.00654695918,10.5606494663298,"ATU","r46.52",0.932967384717748,0.83,1.06
3225.34019665154,13.2279488510421,"ATUG","r46.52",0.926955790920331,0.81,1.07
3222.7782049096,8.10396536716235,"ATUN","r46.52",0.918168657340953,0.795,1.075
3222.8929491361,8.33345382016705,"ATUS","r46.52",0.892333937607333,0.79,1.02
3220.20646646024,2.96048846845497,"ATUV","r46.52",0.939028170157608,0.835,1.065
3219.84879650222,6.24514855240159,"ATUVG","r46.52",0.93104004511178,0.82,1.075
3217.72477824585,1.99711203967854,"ATUVN","r46.52",0.92673844901503,0.805,1.085
3217.84883284251,2.24522123298266,"ATUVS","r46.52",0.903695606083904,0.795,1.035
3220.21471668702,0.976988922012424,"ATV","r46.52",0.937872329685532,0.835,1.065
3219.85771241926,4.26298038649384,"ATVG","r46.52",0.929617349048938,0.82,1.07
3217.72622222602,0,"ATVN","r46.52",0.926408651964511,0.805,1.085
3217.8502927543,0.248141056563327,"ATVS","r46.52",0.903156604235684,0.8,1.03
3230.79471042321,18.1369763943858,"AU","r46.52",0.932875241352689,0.83,1.06
3230.28639205487,21.120339657703,"AUG","r46.52",0.923309208056911,0.81,1.065
3227.7278074162,16.0031703803797,"AUN","r46.52",0.913804617095206,0.795,1.07
3227.8070487018,16.1616529515668,"AUS","r46.52",0.894246628193034,0.79,1.02
3225.49782909501,11.5432137379812,"AUV","r46.52",0.938638794952085,0.835,1.065
3225.22217369134,14.9919029306475,"AUVG","r46.52",0.926785881911386,0.82,1.07
3223.11915050076,10.7858565494807,"AUVN","r46.52",0.922026883528648,0.805,1.08
3223.19951890469,10.946593357351,"AUVS","r46.52",0.904607086099834,0.8,1.035
3225.49817944616,9.54391444028261,"AV","r46.52",0.938298637183829,0.835,1.065
3225.22247514289,12.9925058337594,"AVG","r46.52",0.926504917839847,0.82,1.07
3223.12021853079,8.78799260954838,"AVN","r46.52",0.922182297722422,0.805,1.08
3223.20058591738,8.9487273827217,"AVS","r46.52",0.904964766130885,0.8,1.03
3230.81848321595,16.1845219798797,"A","r53.59",0.928990369056939,0.815,1.065
3230.31294508437,19.1734457167076,"AG","r53.59",0.911080009298968,0.78,1.09
3227.73803699954,14.0236295470422,"AN","r53.59",0.916240349623654,0.8,1.06
3227.8174745713,14.1825046905788,"AS","r53.59",0.901325379067761,0.78,1.04
3226.05884642953,8.66524840702732,"AT","r53.59",0.920543025657986,0.81,1.055
3225.39955816839,11.3466718847449,"ATG","r53.59",0.909448004428064,0.77,1.09
3222.80851033499,6.16457621794689,"ATN","r53.59",0.909585048277543,0.795,1.05
3222.92381575422,6.39518705641967,"ATS","r53.59",0.889518141309972,0.77,1.03
3226.00654695918,10.5606494663298,"ATU","r53.59",0.924970593909772,0.81,1.065
3225.34019665154,13.2279488510421,"ATUG","r53.59",0.915269596897987,0.775,1.1
3222.7782049096,8.10396536716235,"ATUN","r53.59",0.913003996299597,0.795,1.06
3222.8929491361,8.33345382016705,"ATUS","r53.59",0.892862352675301,0.77,1.035
3220.20646646024,2.96048846845497,"ATUV","r53.59",0.936678902152467,0.82,1.075
3219.84879650222,6.24514855240159,"ATUVG","r53.59",0.92149312869336,0.785,1.105
3217.72477824585,1.99711203967854,"ATUVN","r53.59",0.925834036338589,0.805,1.075
3217.84883284251,2.24522123298266,"ATUVS","r53.59",0.909824431051061,0.785,1.055
3220.21471668702,0.976988922012424,"ATV","r53.59",0.93493939055452,0.82,1.07
3219.85771241926,4.26298038649384,"ATVG","r53.59",0.919190873904161,0.79,1.1
3217.72622222602,0,"ATVN","r53.59",0.925271015525018,0.805,1.07
3217.8502927543,0.248141056563327,"ATVS","r53.59",0.909012698064657,0.785,1.05
3230.79471042321,18.1369763943858,"AU","r53.59",0.932020231141764,0.815,1.07
3230.28639205487,21.120339657703,"AUG","r53.59",0.914759146697746,0.78,1.1
3227.7278074162,16.0031703803797,"AUN","r53.59",0.918214179982314,0.8,1.065
3227.8070487018,16.1616529515668,"AUS","r53.59",0.903435390543461,0.78,1.045
3225.49782909501,11.5432137379812,"AUV","r53.59",0.943420625283365,0.825,1.085
3225.22217369134,14.9919029306475,"AUVG","r53.59",0.920357125227991,0.795,1.105
3223.11915050076,10.7858565494807,"AUVN","r53.59",0.930798747152917,0.81,1.08
3223.19951890469,10.946593357351,"AUVS","r53.59",0.919392280526518,0.795,1.06
3225.49817944616,9.54391444028261,"AV","r53.59",0.943083682290791,0.83,1.08
3225.22247514289,12.9925058337594,"AVG","r53.59",0.919762692974898,0.795,1.1
3223.12021853079,8.78799260954838,"AVN","r53.59",0.931330185139712,0.815,1.075
3223.20058591738,8.9487273827217,"AVS","r53.59",0.920020029748983,0.795,1.06
3230.81848321595,16.1845219798797,"A","r60.66",0.930736483705865,0.795,1.09
3230.31294508437,19.1734457167076,"AG","r60.66",0.911007023708181,0.76,1.115
3227.73803699954,14.0236295470422,"AN","r60.66",0.951801237052524,0.775,1.155
3227.8174745713,14.1825046905788,"AS","r60.66",0.973943138775409,0.81,1.16
3226.05884642953,8.66524840702732,"AT","r60.66",0.920656774450426,0.79,1.08
3225.39955816839,11.3466718847449,"ATG","r60.66",0.907923752648271,0.75,1.11
3222.80851033499,6.16457621794689,"ATN","r60.66",0.934854165322739,0.76,1.14
3222.92381575422,6.39518705641967,"ATS","r60.66",0.95998840877303,0.8,1.15
3226.00654695918,10.5606494663298,"ATU","r60.66",0.92645425484919,0.79,1.09
3225.34019665154,13.2279488510421,"ATUG","r60.66",0.915141115964764,0.755,1.125
3222.7782049096,8.10396536716235,"ATUN","r60.66",0.938986824279708,0.76,1.15
3222.8929491361,8.33345382016705,"ATUS","r60.66",0.964428649191358,0.8,1.16
3220.20646646024,2.96048846845497,"ATUV","r60.66",0.957021740580244,0.815,1.13
3219.84879650222,6.24514855240159,"ATUVG","r60.66",0.939450632568951,0.78,1.155
3217.72477824585,1.99711203967854,"ATUVN","r60.66",0.963598318441109,0.78,1.18
3217.84883284251,2.24522123298266,"ATUVS","r60.66",0.992715387322177,0.825,1.185
3220.21471668702,0.976988922012424,"ATV","r60.66",0.954678893064127,0.815,1.12
3219.85771241926,4.26298038649384,"ATVG","r60.66",0.93654265299609,0.78,1.145
3217.72622222602,0,"ATVN","r60.66",0.962616876229433,0.78,1.175
3217.8502927543,0.248141056563327,"ATVS","r60.66",0.991475743992504,0.825,1.18
3230.79471042321,18.1369763943858,"AU","r60.66",0.934672018732089,0.795,1.1
3230.28639205487,21.120339657703,"AUG","r60.66",0.915618712231887,0.76,1.13
3227.7278074162,16.0031703803797,"AUN","r60.66",0.954227421441225,0.77,1.165
3227.8070487018,16.1616529515668,"AUS","r60.66",0.976544355346287,0.81,1.17
3225.49782909501,11.5432137379812,"AUV","r60.66",0.964199303987034,0.82,1.135
3225.22217369134,14.9919029306475,"AUVG","r60.66",0.938543666738773,0.79,1.155
3223.11915050076,10.7858565494807,"AUVN","r60.66",0.978037829755659,0.79,1.19
3223.19951890469,10.946593357351,"AUVS","r60.66",1.00354145247456,0.83,1.195
3225.49817944616,9.54391444028261,"AV","r60.66",0.96372433292048,0.825,1.13
3225.22247514289,12.9925058337594,"AVG","r60.66",0.93784257841567,0.79,1.15
3223.12021853079,8.78799260954838,"AVN","r60.66",0.979476015372536,0.795,1.185
3223.20058591738,8.9487273827217,"AVS","r60.66",1.00447049012273,0.835,1.19
3230.81848321595,16.1845219798797,"A","r67.73",1.00450756289417,0.82,1.225
3230.31294508437,19.1734457167076,"AG","r67.73",0.982248867787851,0.785,1.25
3227.73803699954,14.0236295470422,"AN","r67.73",1.03326727613446,0.785,1.325
3227.8174745713,14.1825046905788,"AS","r67.73",1.06915179599587,0.85,1.33
3226.05884642953,8.66524840702732,"AT","r67.73",0.995636363348867,0.815,1.215
3225.39955816839,11.3466718847449,"ATG","r67.73",0.980457261227517,0.775,1.245
3222.80851033499,6.16457621794689,"ATN","r67.73",1.01379978734526,0.775,1.31
3222.92381575422,6.39518705641967,"ATS","r67.73",1.05563392202316,0.84,1.32
3226.00654695918,10.5606494663298,"ATU","r67.73",1.00370747034882,0.815,1.235
3225.34019665154,13.2279488510421,"ATUG","r67.73",0.990208643559781,0.78,1.265
3222.7782049096,8.10396536716235,"ATUN","r67.73",1.01969970639646,0.775,1.325
3222.8929491361,8.33345382016705,"ATUS","r67.73",1.06193027028922,0.84,1.33
3220.20646646024,2.96048846845497,"ATUV","r67.73",1.05041384781426,0.855,1.29
3219.84879650222,6.24514855240159,"ATUVG","r67.73",1.03086700284171,0.82,1.315
3217.72477824585,1.99711203967854,"ATUVN","r67.73",1.05964979392392,0.805,1.375
3217.84883284251,2.24522123298266,"ATUVS","r67.73",1.10639057097924,0.875,1.385
3220.21471668702,0.976988922012424,"ATV","r67.73",1.04712039012602,0.855,1.28
3219.85771241926,4.26298038649384,"ATVG","r67.73",1.02693287256689,0.82,1.305
3217.72622222602,0,"ATVN","r67.73",1.05824619482497,0.805,1.365
3217.8502927543,0.248141056563327,"ATVS","r67.73",1.10472472658622,0.875,1.375
3230.79471042321,18.1369763943858,"AU","r67.73",1.0099603302658,0.82,1.24
3230.28639205487,21.120339657703,"AUG","r67.73",0.988476255739203,0.785,1.265
3227.7278074162,16.0031703803797,"AUN","r67.73",1.03674219727616,0.785,1.335
3227.8070487018,16.1616529515668,"AUS","r67.73",1.07265686836135,0.85,1.34
3225.49782909501,11.5432137379812,"AUV","r67.73",1.05542917930741,0.855,1.3
3225.22217369134,14.9919029306475,"AUVG","r67.73",1.0273172156647,0.825,1.315
3223.11915050076,10.7858565494807,"AUVN","r67.73",1.07563369116266,0.815,1.385
3223.19951890469,10.946593357351,"AUVS","r67.73",1.11572749130852,0.88,1.39
3225.49817944616,9.54391444028261,"AV","r67.73",1.05466882407963,0.86,1.29
3225.22247514289,12.9925058337594,"AVG","r67.73",1.02631054012059,0.83,1.305
3223.12021853079,8.78799260954838,"AVN","r67.73",1.07792353190599,0.82,1.38
3223.20058591738,8.9487273827217,"AVS","r67.73",1.11699158572993,0.885,1.385
3230.81848321595,16.1845219798797,"A","r74.80",1.01529804994742,0.745,1.355
3230.31294508437,19.1734457167076,"AG","r74.80",0.993137592416763,0.715,1.375
3227.73803699954,14.0236295470422,"AN","r74.80",1.04595517494557,0.73,1.46
3227.8174745713,14.1825046905788,"AS","r74.80",1.08280556417786,0.78,1.47
3226.05884642953,8.66524840702732,"AT","r74.80",0.978250894948663,0.72,1.31
3225.39955816839,11.3466718847449,"ATG","r74.80",0.963156943875459,0.69,1.335
3222.80851033499,6.16457621794689,"ATN","r74.80",0.996687578744165,0.695,1.405
3222.92381575422,6.39518705641967,"ATS","r74.80",1.03885877515991,0.75,1.415
3226.00654695918,10.5606494663298,"ATU","r74.80",0.986681735291457,0.72,1.325
3225.34019665154,13.2279488510421,"ATUG","r74.80",0.973346560584403,0.695,1.355
3222.7782049096,8.10396536716235,"ATUN","r74.80",1.00293010181936,0.695,1.42
3222.8929491361,8.33345382016705,"ATUS","r74.80",1.04593289735348,0.75,1.43
3220.20646646024,2.96048846845497,"ATUV","r74.80",1.03014070205609,0.755,1.385
3219.84879650222,6.24514855240159,"ATUVG","r74.80",1.01040542894059,0.725,1.405
3217.72477824585,1.99711203967854,"ATUVN","r74.80",1.03859675372884,0.72,1.465
3217.84883284251,2.24522123298266,"ATUVS","r74.80",1.08572810643884,0.78,1.48
3220.21471668702,0.976988922012424,"ATV","r74.80",1.02651126328173,0.755,1.375
3219.85771241926,4.26298038649384,"ATVG","r74.80",1.00661275165423,0.725,1.39
3217.72622222602,0,"ATVN","r74.80",1.03716219674058,0.725,1.46
3217.8502927543,0.248141056563327,"ATVS","r74.80",1.08330690307415,0.78,1.47
3230.79471042321,18.1369763943858,"AU","r74.80",1.02132083133275,0.75,1.37
3230.28639205487,21.120339657703,"AUG","r74.80",0.999740422028611,0.72,1.39
3227.7278074162,16.0031703803797,"AUN","r74.80",1.04968790752835,0.73,1.47
3227.8070487018,16.1616529515668,"AUS","r74.80",1.08754893194794,0.78,1.48
3225.49782909501,11.5432137379812,"AUV","r74.80",1.06679799264862,0.78,1.435
3225.22217369134,14.9919029306475,"AUVG","r74.80",1.03813493386958,0.755,1.445
3223.11915050076,10.7858565494807,"AUVN","r74.80",1.08729158155133,0.755,1.525
3223.19951890469,10.946593357351,"AUVS","r74.80",1.12810334027512,0.81,1.53
3225.49817944616,9.54391444028261,"AV","r74.80",1.06608125869762,0.785,1.425
3225.22247514289,12.9925058337594,"AVG","r74.80",1.03695372668597,0.755,1.435
3223.12021853079,8.78799260954838,"AVN","r74.80",1.09005438516138,0.76,1.52
3223.20058591738,8.9487273827217,"AVS","r74.80",1.13015865849012,0.815,1.525
3230.81848321595,16.1845219798797,"A","r81.90",0.908714147059435,0.565,1.39
3230.31294508437,19.1734457167076,"AG","r81.90",0.890654559656038,0.545,1.4
3227.73803699954,14.0236295470422,"AN","r81.90",0.944671752378832,0.565,1.505
3227.8174745713,14.1825046905788,"AS","r81.90",0.978207898594633,0.595,1.515
3226.05884642953,8.66524840702732,"AT","r81.90",0.853501507178715,0.53,1.31
3225.39955816839,11.3466718847449,"ATG","r81.90",0.842238501217638,0.51,1.33
3222.80851033499,6.16457621794689,"ATN","r81.90",0.879467136728808,0.525,1.41
3222.92381575422,6.39518705641967,"ATS","r81.90",0.916220527193879,0.56,1.43
3226.00654695918,10.5606494663298,"ATU","r81.90",0.861790772022754,0.53,1.325
3225.34019665154,13.2279488510421,"ATUG","r81.90",0.852451668647431,0.515,1.35
3222.7782049096,8.10396536716235,"ATUN","r81.90",0.88584464297243,0.525,1.425
3222.8929491361,8.33345382016705,"ATUS","r81.90",0.923442224416572,0.56,1.445
3220.20646646024,2.96048846845497,"ATUV","r81.90",0.904023665630529,0.555,1.39
3219.84879650222,6.24514855240159,"ATUVG","r81.90",0.888052853738573,0.54,1.405
3217.72477824585,1.99711203967854,"ATUVN","r81.90",0.919625858959963,0.545,1.48
3217.84883284251,2.24522123298266,"ATUVS","r81.90",0.961247930907498,0.585,1.5
3220.21471668702,0.976988922012424,"ATV","r81.90",0.90011724698036,0.555,1.38
3219.85771241926,4.26298038649384,"ATVG","r81.90",0.883878078871775,0.54,1.395
3217.72622222602,0,"ATVN","r81.90",0.918696244407118,0.55,1.47
3217.8502927543,0.248141056563327,"ATVS","r81.90",0.960177676384181,0.585,1.49
3230.79471042321,18.1369763943858,"AU","r81.90",0.914826265094238,0.565,1.405
3230.28639205487,21.120339657703,"AUG","r81.90",0.897287238175997,0.545,1.42
3227.7278074162,16.0031703803797,"AUN","r81.90",0.948513905248998,0.565,1.515
3227.8070487018,16.1616529515668,"AUS","r81.90",0.983003955746277,0.6,1.53
3225.49782909501,11.5432137379812,"AUV","r81.90",0.961370493986811,0.595,1.48
3225.22217369134,14.9919029306475,"AUVG","r81.90",0.937046655085619,0.575,1.485
3223.11915050076,10.7858565494807,"AUVN","r81.90",0.987755923968352,0.59,1.575
3223.19951890469,10.946593357351,"AUVS","r81.90",1.02513619102719,0.625,1.59
3225.49817944616,9.54391444028261,"AV","r81.90",0.960564683712242,0.595,1.47
3225.22247514289,12.9925058337594,"AVG","r81.90",0.93577544919614,0.575,1.475
3223.12021853079,8.78799260954838,"AVN","r81.90",0.990156076856076,0.59,1.575
3223.20058591738,8.9487273827217,"AVS","r81.90",1.02631211018269,0.625,1.585
